TWA\TWS;0;1;2;3;4;5;6;7;8;9;10;11;12;13;14;15;16;17;18;19;20;21;22;23;24;25;26;27;28;29;30;31;32;33;34;35;36;37;38;39;40;41;42;43;44;45;46;47;48;49;50;51;52;53;54;55;56;57;58;59;60;61;62;63;64;65;66;67;68;69;70
0;0;0;0;0;0;0;0;0;0;0;0;0;0;0;0;0;0;0;0;0;0;0;0;0;0;0;0;0;0;0;0;0;0;0;0;0;0;0;0;0;0;0;0;0;0;0;0;0;0;0;0;0;0;0;0;0;0;0;0;0;0;0;0;0;0;0;0;0;0;0;0
1;0;0;0;0;0;0;0;0;0;0;0;0;0;0;0;0;0;0;0;0;0;0;0;0;0;0;0;0;0;0;0;0;0;0;0;0;0;0;0;0;0;0;0;0;0;0;0;0;0;0;0;0;0;0;0;0;0;0;0;0;0;0;0;0;0;0;0;0;0;0;0
2;0;0;0;0;0;0;0;0;0;0;0;0;0;0;0;0;0;0;0;0;0;0;0;0;0;0;0;0;0;0;0;0;0;0;0;0;0;0;0;0;0;0;0;0;0;0;0;0;0;0;0;0;0;0;0;0;0;0;0;0;0;0;0;0;0;0;0;0;0;0;0
3;0;0;0;0;0;0;0;0;0;0;0;0;0;0;0;0;0;0;0;0;0;0;0;0;0;0;0;0;0;0;0;0;0;0;0;0;0;0;0;0;0;0;0;0;0;0;0;0;0;0;0;0;0;0;0;0;0;0;0;0;0;0;0;0;0;0;0;0;0;0;0
4;0;0;0;0;0;0;0;0;0;0;0;0;0;0;0;0;0;0;0;0;0;0;0;0;0;0;0;0;0;0;0;0;0;0;0;0;0;0;0;0;0;0;0;0;0;0;0;0;0;0;0;0;0;0;0;0;0;0;0;0;0;0;0;0;0;0;0;0;0;0;0
5;0;0;0;0;0;0;0;0;0;0;0;0;0;0;0;0;0;0;0;0;0;0;0;0;0;0;0;0;0;0;0;0;0;0;0;0;0;0;0;0;0;0;0;0;0;0;0;0;0;0;0;0;0;0;0;0;0;0;0;0;0;0;0;0;0;0;0;0;0;0;0
6;0;0;0;0;0;0;0;0;0;0;0;0;0;0;0;0;0;0;0;0;0;0;0;0;0;0;0;0;0;0;0;0;0;0;0;0;0;0;0;0;0;0;0;0;0;0;0;0;0;0;0;0;0;0;0;0;0;0;0;0;0;0;0;0;0;0;0;0;0;0;0
7;0;0;0;0;0;0;0;0;0;0;0;0;0;0;0;0;0;0;0;0;0;0;0;0;0;0;0;0;0;0;0;0;0;0;0;0;0;0;0;0;0;0;0;0;0;0;0;0;0;0;0;0;0;0;0;0;0;0;0;0;0;0;0;0;0;0;0;0;0;0;0
8;0;0;0;0;0;0;0;0;0;0;0;0;0;0;0;0;0;0;0;0;0;0;0;0;0;0;0;0;0;0;0;0;0;0;0;0;0;0;0;0;0;0;0;0;0;0;0;0;0;0;0;0;0;0;0;0;0;0;0;0;0;0;0;0;0;0;0;0;0;0;0
9;0;0;0;0;0;0;0;0;0;0;0;0;0;0;0;0;0;0;0;0;0;0;0;0;0;0;0;0;0;0;0;0;0;0;0;0;0;0;0;0;0;0;0;0;0;0;0;0;0;0;0;0;0;0;0;0;0;0;0;0;0;0;0;0;0;0;0;0;0;0;0
10;0;0;0;0;0;0;0;0;0;0;0;0;0;0;0;0;0;0;0;0;0;0;0;0;0;0;0;0;0;0;0;0;0;0;0;0;0;0;0;0;0;0;0;0;0;0;0;0;0;0;0;0;0;0;0;0;0;0;0;0;0;0;0;0;0;0;0;0;0;0;0
11;0;0;0;0;0;0;0;0;0;0;0;0;0;0;0;0;0;0;0;0;0;0;0;0;0;0;0;0;0;0;0;0;0;0;0;0;0;0;0;0;0;0;0;0;0;0;0;0;0;0;0;0;0;0;0;0;0;0;0;0;0;0;0;0;0;0;0;0;0;0;0
12;0;0;0;0;0;0;0;0;0;0;0;0;0;0;0;0;0;0;0;0;0;0;0;0;0;0;0;0;0;0;0;0;0;0;0;0;0;0;0;0;0;0;0;0;0;0;0;0;0;0;0;0;0;0;0;0;0;0;0;0;0;0;0;0;0;0;0;0;0;0;0
13;0;0;0;0;0;0;0;0;0;0;0;0;0;0;0;0;0;0;0;0;0;0;0;0;0;0;0;0;0;0;0;0;0;0;0;0;0;0;0;0;0;0;0;0;0;0;0;0;0;0;0;0;0;0;0;0;0;0;0;0;0;0;0;0;0;0;0;0;0;0;0
14;0;0;0;0;0;0;0;0;0;0;0;0;0;0;0;0;0;0;0;0;0;0;0;0;0;0;0;0;0;0;0;0;0;0;0;0;0;0;0;0;0;0;0;0;0;0;0;0;0;0;0;0;0;0;0;0;0;0;0;0;0;0;0;0;0;0;0;0;0;0;0
15;0;0;0;0;0;0;0;0;0;0;0;0;0;0;0;0;0;0;0;0;0;0;0;0;0;0;0;0;0;0;0;0;0;0;0;0;0;0;0;0;0;0;0;0;0;0;0;0;0;0;0;0;0;0;0;0;0;0;0;0;0;0;0;0;0;0;0;0;0;0;0
16;0;0;0;0;0;0;0;0;0;0;0;0;0;0;0;0;0;0;0;0;0;0;0;0;0;0;0;0;0;0;0;0;0;0;0;0;0;0;0;0;0;0;0;0;0;0;0;0;0;0;0;0;0;0;0;0;0;0;0;0;0;0;0;0;0;0;0;0;0;0;0
17;0;0;0;0;0;0;0;0;0;0;0;0;0;0;0;0;0;0;0;0;0;0;0;0;0;0;0;0;0;0;0;0;0;0;0;0;0;0;0;0;0;0;0;0;0;0;0;0;0;0;0;0;0;0;0;0;0;0;0;0;0;0;0;0;0;0;0;0;0;0;0
18;0;0;0;0;0;0;0;0;0;0;0;0;0;0;0;0;0;0;0;0;0;0;0;0;0;0;0;0;0;0;0;0;0;0;0;0;0;0;0;0;0;0;0;0;0;0;0;0;0;0;0;0;0;0;0;0;0;0;0;0;0;0;0;0;0;0;0;0;0;0;0
19;0;0;0;0;0;0;0;0;0;0;0;0;0;0;0;0;0;0;0;0;0;0;0;0;0;0;0;0;0;0;0;0;0;0;0;0;0;0;0;0;0;0;0;0;0;0;0;0;0;0;0;0;0;0;0;0;0;0;0;0;0;0;0;0;0;0;0;0;0;0;0
20;0;0;0;0;0;0;0;0;0;0;0;0;0;0;0;0;0;0;0;0;0;0;0;0;0;0;0;0;0;0;0;0;0;0;0;0;0;0;0;0;0;0;0;0;0;0;0;0;0;0;0;0;0;0;0;0;0;0;0;0;0;0;0;0;0;0;0;0;0;0;0
21;0;0;0;0;0;0;0;0;0;0;0;0;0;0;0;0;0;0;0;0;0;0;0;0;0;0;0;0;0;0;0;0;0;0;0;0;0;0;0;0;0;0;0;0;0;0;0;0;0;0;0;0;0;0;0;0;0;0;0;0;0;0;0;0;0;0;0;0;0;0;0
22;0;0;0;0;0;0;0;0;0;0;0;0;0;0;0;0;0;0;0;0;0;0;0;0;0;0;0;0;0;0;0;0;0;0;0;0;0;0;0;0;0;0;0;0;0;0;0;0;0;0;0;0;0;0;0;0;0;0;0;0;0;0;0;0;0;0;0;0;0;0;0
23;0;0;0;0;0;0;0;0;0;0;0;0;0;0;0;0;0;0;0;0;0;0;0;0;0;0;0;0;0;0;0;0;0;0;0;0;0;0;0;0;0;0;0;0;0;0;0;0;0;0;0;0;0;0;0;0;0;0;0;0;0;0;0;0;0;0;0;0;0;0;0
24;0;0;0;0;0;0;0;0;0;0;0;0;0;0;0;0;0;0;0;0;0;0;0;0;0;0;0;0;0;0;0;0;0;0;0;0;0;0;0;0;0;0;0;0;0;0;0;0;0;0;0;0;0;0;0;0;0;0;0;0;0;0;0;0;0;0;0;0;0;0;0
25;0;0;0;0;0;0;0;0;0;0;0;0;0;0;0;0;0;0;0;0;0;0;0;0;0;0;0;0;0;0;0;0;0;0;0;0;0;0;0;0;0;0;0;0;0;0;0;0;0;0;0;0;0;0;0;0;0;0;0;0;0;0;0;0;0;0;0;0;0;0;0
26;0;0;0;0;0;0;0;0;0;0;0;0;0;0;0;0;0;0;0;0;0;0;0;0;0;0;0;0;0;0;0;0;0;0;0;0;0;0;0;0;0;0;0;0;0;0;0;0;0;0;0;0;0;0;0;0;0;0;0;0;0;0;0;0;0;0;0;0;0;0;0
27;0;0;0;0;0;0;0;0;0;0;0;0;0;0;0;0;0;0;0;0;0;0;0;0;0;0;0;0;0;0;0;0;0;0;0;0;0;0;0;0;0;0;0;0;0;0;0;0;0;0;0;0;0;0;0;0;0;0;0;0;0;0;0;0;0;0;0;0;0;0;0
28;0;0;0;0;0;0;0;0;0;0;0;0;0;0;0;0;0;0;0;0;0;0;0;0;0;0;0;0;0;0;0;0;0;0;0;0;0;0;0;0;0;0;0;0;0;0;0;0;0;0;0;0;0;0;0;0;0;0;0;0;0;0;0;0;0;0;0;0;0;0;0
29;0;0;0;0;0;0;0;0;0;0;0;0;0;0;0;0;0;0;0;0;0;0;0;0;0;0;0;0;0;0;0;0;0;0;0;0;0;0;0;0;0;0;0;0;0;0;0;0;0;0;0;0;0;0;0;0;0;0;0;0;0;0;0;0;0;0;0;0;0;0;0
30;0;0;0;0;0;0;0;0;0;0;0;0;0;0;0;0;0;0;0;0;0;0;0;0;0;0;0;0;0;0;0;0;0;0;0;0;0;0;0;0;0;0;0;0;0;0;0;0;0;0;0;0;0;0;0;0;0;0;0;0;0;0;0;0;0;0;0;0;0;0;0
31;0;0;0;0;0;0;0;0;0;0;0;0;0;0;0;0;0;0;0;0;0;0;0;0;0;0;0;0;0;0;0;0;0;0;0;0;0;0;0;0;0;0;0;0;0;0;0;0;0;0;0;0;0;0;0;0;0;0;0;0;0;0;0;0;0;0;0;0;0;0;0
32;0;0;0;0;0;0;0;0;0;0;0;0;0;0;0;0;0;0;0;0;0;0;0;0;0;0;0;0;0;0;0;0;0;0;0;0;0;0;0;0;0;0;0;0;0;0;0;0;0;0;0;0;0;0;0;0;0;0;0;0;0;0;0;0;0;0;0;0;0;0;0
33;0;0;0;0;0;0;0;0;0;0;0;0;0;0;0;0;0;0;0;0;0;0;0;0;0;0;0;0;0;0;0;0;0;0;0;0;0;0;0;0;0;0;0;0;0;0;0;0;0;0;0;0;0;0;0;0;0;0;0;0;0;0;0;0;0;0;0;0;0;0;0
34;0;0;0;0;0;0;0;0;0;0;0;0;0;0;0;0;0;0;0;0;0;0;0;0;0;0;0;0;0;0;0;0;0;0;0;0;0;0;0;0;0;0;0;0;0;0;0;0;0;0;0;0;0;0;0;0;0;0;0;0;0;0;0;0;0;0;0;0;0;0;0
35;0;0;0;0;0;0;0;0;0;0;0;0;0;0;0;0;0;0;0;0;0;0;0;0;0;0;0;0;0;0;0;0;0;0;0;0;0;0;0;0;0;0;0;0;0;0;0;0;0;0;0;0;0;0;0;0;0;0;0;0;0;0;0;0;0;0;0;0;0;0;0
36;0;0;0;0;0;0;0;0;0;0;0;0;0;0;0;0;0;0;0;0;0;0;0;0;0;0;0;0;0;0;0;0;0;0;0;0;0;0;0;0;0;0;0;0;0;0;0;0;0;0;0;0;0;0;0;0;0;0;0;0;0;0;0;0;0;0;0;0;0;0;0
37;0;0;0;0;0;0;0;0;0;0;0;0;0;0;0;0;0;0;0;0;0;0;0;0;0;0;0;0;0;0;0;0;0;0;0;0;0;0;0;0;0;0;0;0;0;0;0;0;0;0;0;0;0;0;0;0;0;0;0;0;0;0;0;0;0;0;0;0;0;0;0
38;0;0;0;0;0;0;0;0;0;0;0;0;0;0;0;0;0;0;0;0;0;0;0;0;0;0;0;0;0;0;0;0;0;0;0;0;0;0;0;0;0;0;0;0;0;0;0;0;0;0;0;0;0;0;0;0;0;0;0;0;0;0;0;0;0;0;0;0;0;0;0
39;0;0;0;0;0;0;0;0;0;0;0;0;0;0;0;0;0;0;0;0;0;0;0;0;0;0;0;0;0;0;0;0;0;0;0;0;0;0;0;0;0;0;0;0;0;0;0;0;0;0;0;0;0;0;0;0;0;0;0;0;0;0;0;0;0;0;0;0;0;0;0
40;0;0;0;0;0;0;0;0;0;0;0;0;0;0;0;0;0;0;0;0;0;0;0;0;0;0;0;0;0;0;0;0;0;0;0;0;0;0;0;0;0;0;0;0;0;0;0;0;0;0;0;0;0;0;0;0;0;0;0;0;0;0;0;0;0;0;0;0;0;0;0
41;0;0;0;0;0;0;0;0;0;0;0;0;0;0;0;0;0;0;0;0;0;0;0;0;0;0;0;0;0;0;0;0;0;0;0;0;0;0;0;0;0;0;0;0;0;0;0;0;0;0;0;0;0;0;0;0;0;0;0;0;0;0;0;0;0;0;0;0;0;0;0
42;0;0;0;0;0;0;0;0;0;0;0;0;0;0;0;0;0;0;0;0;0;0;0;0;0;0;0;0;0;0;0;0;0;0;0;0;0;0;0;0;0;0;0;0;0;0;0;0;0;0;0;0;0;0;0;0;0;0;0;0;0;0;0;0;0;0;0;0;0;0;0
43;0;0;0;0;0;0;0;0;0;0;0;0;0;0;0;0;0;0;0;0;0;0;0;0;0;0;0;0;0;0;0;0;0;0;0;0;0;0;0;0;0;0;0;0;0;0;0;0;0;0;0;0;0;0;0;0;0;0;0;0;0;0;0;0;0;0;0;0;0;0;0
44;0;0;0;0;0;0;0;0;0;0;0;0;0;0;0;0;0;0;0;0;0;0;0;0;0;0;0;0;0;0;0;0;0;0;0;0;0;0;0;0;0;0;0;0;0;0;0;0;0;0;0;0;0;0;0;0;0;0;0;0;0;0;0;0;0;0;0;0;0;0;0
45;0;0;0;0;0;0;0;0;0;0;0;0;0;0;0;0;0;0;0;0;0;0;0;0;0;0;0;0;0;0;0;0;0;0;0;0;0;0;0;0;0;0;0;0;0;0;0;0;0;0;0;0;0;0;0;0;0;0;0;0;0;0;0;0;0;0;0;0;0;0;0
46;0;0;0;0;0;0;0;0;0;0;0;0;0;0;0;0;0;0;0;0;0;0;0;0;0;0;0;0;0;0;0;0;0;0;0;0;0;0;0;0;0;0;0;0;0;0;0;0;0;0;0;0;0;0;0;0;0;0;0;0;0;0;0;0;0;0;0;0;0;0;0
47;0;0;0;0;0;0;0;0;0;0;0;0;0;0;0;0;0;0;0;0;0;0;0;0;0;0;0;0;0;0;0;0;0;0;0;0;0;0;0;0;0;0;0;0;0;0;0;0;0;0;0;0;0;0;0;0;0;0;0;0;0;0;0;0;0;0;0;0;0;0;0
48;0;0;0;0;0;0;0;0;0;0;0;0;0;0;0;0;0;0;0;0;0;0;0;0;0;0;0;0;0;0;0;0;0;0;0;0;0;0;0;0;0;0;0;0;0;0;0;0;0;0;0;0;0;0;0;0;0;0;0;0;0;0;0;0;0;0;0;0;0;0;0
49;0;0;0;0;0;0;0;0;0;0;0;0;0;0;0;0;0;0;0;0;0;0;0;0;0;0;0;0;0;0;0;0;0;0;0;0;0;0;0;0;0;0;0;0;0;0;0;0;0;0;0;0;0;0;0;0;0;0;0;0;0;0;0;0;0;0;0;0;0;0;0
50;0;0;0;0;0;0;0;0;0;0;0;0;0;0;0;0;0;0;0;0;0;0;0;0;0;0;0;0;0;0;0;0;0;0;0;0;0;0;0;0;0;0;0;0;0;0;0;0;0;0;0;0;0;0;0;0;0;0;0;0;0;0;0;0;0;0;0;0;0;0;0
51;0;0;0;0;0;0;0;0;0;0;0;0;0;0;0;0;0;0;0;0;0;0;0;0;0;0;0;0;0;0;0;0;0;0;0;0;0;0;0;0;0;0;0;0;0;0;0;0;0;0;0;0;0;0;0;0;0;0;0;0;0;0;0;0;0;0;0;0;0;0;0
52;0;0;0;0;0;0;0;0;0;0;0;0;0;0;0;0;0;0;0;0;0;0;0;0;0;0;0;0;0;0;0;0;0;0;0;0;0;0;0;0;0;0;0;0;0;0;0;0;0;0;0;0;0;0;0;0;0;0;0;0;0;0;0;0;0;0;0;0;0;0;0
53;0;0;0;0;0;0;0;0;0;0;0;0;0;0;0;0;0;0;0;0;0;0;0;0;0;0;0;0;0;0;0;0;0;0;0;0;0;0;0;0;0;0;0;0;0;0;0;0;0;0;0;0;0;0;0;0;0;0;0;0;0;0;0;0;0;0;0;0;0;0;0
54;0;0;0;0;0;0;0;0;0;0;0;0;0;0;0;0;0;0;0;0;0;0;0;0;0;0;0;0;0;0;0;0;0;0;0;0;0;0;0;0;0;0;0;0;0;0;0;0;0;0;0;0;0;0;0;0;0;0;0;0;0;0;0;0;0;0;0;0;0;0;0
55;0;0;0;0;0;0;0;0;0;0;0;0;0;0;0;0;0;0;0;0;0;0;0;0;0;0;0;0;0;0;0;0;0;0;0;0;0;0;0;0;0;0;0;0;0;0;0;0;0;0;0;0;0;0;0;0;0;0;0;0;0;0;0;0;0;0;0;0;0;0;0
56;0;0;0;0;0;0;0;0;0;0;0;0;0;0;0;0;0;0;0;0;0;0;0;0;0;0;0;0;0;0;0;0;0;0;0;0;0;0;0;0;0;0;0;0;0;0;0;0;0;0;0;0;0;0;0;0;0;0;0;0;0;0;0;0;0;0;0;0;0;0;0
57;0;0;0;0;0;0;0;0;0;0;0;0;0;0;0;0;0;0;0;0;0;0;0;0;0;0;0;0;0;0;0;0;0;0;0;0;0;0;0;0;0;0;0;0;0;0;0;0;0;0;0;0;0;0;0;0;0;0;0;0;0;0;0;0;0;0;0;0;0;0;0
58;0;0;0;0;0;0;0;0;0;0;0;0;0;0;0;0;0;0;0;0;0;0;0;0;0;0;0;0;0;0;0;0;0;0;0;0;0;0;0;0;0;0;0;0;0;0;0;0;0;0;0;0;0;0;0;0;0;0;0;0;0;0;0;0;0;0;0;0;0;0;0
59;0;0;0;0;0;0;0;0;0;0;0;0;0;0;0;0;0;0;0;0;0;0;0;0;0;0;0;0;0;0;0;0;0;0;0;0;0;0;0;0;0;0;0;0;0;0;0;0;0;0;0;0;0;0;0;0;0;0;0;0;0;0;0;0;0;0;0;0;0;0;0
60;0;0;0;0;0;0;0;0;0;0;0;0;0;0;0;0;0;0;0;0;0;0;0;0;0;0;0;0;0;0;0;0;0;0;0;0;0;0;0;0;0;0;0;0;0;0;0;0;0;0;0;0;0;0;0;0;0;0;0;0;0;0;0;0;0;0;0;0;0;0;0
61;0;0;0;0;0;0;0;0;0;0;0;0;0;0;0;0;0;0;0;0;0;0;0;0;0;0;0;0;0;0;0;0;0;0;0;0;0;0;0;0;0;0;0;0;0;0;0;0;0;0;0;0;0;0;0;0;0;0;0;0;0;0;0;0;0;0;0;0;0;0;0
62;0;0;0;0;0;0;0;0;0;0;0;0;0;0;0;0;0;0;0;0;0;0;0;0;0;0;0;0;0;0;0;0;0;0;0;0;0;0;0;0;0;0;0;0;0;0;0;0;0;0;0;0;0;0;0;0;0;0;0;0;0;0;0;0;0;0;0;0;0;0;0
63;0;0;0;0;0;0;0;0;0;0;0;0;0;0;0;0;0;0;0;0;0;0;0;0;0;0;0;0;0;0;0;0;0;0;0;0;0;0;0;0;0;0;0;0;0;0;0;0;0;0;0;0;0;0;0;0;0;0;0;0;0;0;0;0;0;0;0;0;0;0;0
64;0;0;0;0;0;0;0;0;0;0;0;0;0;0;0;0;0;0;0;0;0;0;0;0;0;0;0;0;0;0;0;0;0;0;0;0;0;0;0;0;0;0;0;0;0;0;0;0;0;0;0;0;0;0;0;0;0;0;0;0;0;0;0;0;0;0;0;0;0;0;0
65;0;0;0;0;0;0;0;0;0;0;0;0;0;0;0;0;0;0;0;0;0;0;0;0;0;0;0;0;0;0;0;0;0;0;0;0;0;0;0;0;0;0;0;0;0;0;0;0;0;0;0;0;0;0;0;0;0;0;0;0;0;0;0;0;0;0;0;0;0;0;0
66;0;0;0;0;0;0;0;0;0;0;0;0;0;0;0;0;0;0;0;0;0;0;0;0;0;0;0;0;0;0;0;0;0;0;0;0;0;0;0;0;0;0;0;0;0;0;0;0;0;0;0;0;0;0;0;0;0;0;0;0;0;0;0;0;0;0;0;0;0;0;0
67;0;0;0;0;0;0;0;0;0;0;0;0;0;0;0;0;0;0;0;0;0;0;0;0;0;0;0;0;0;0;0;0;0;0;0;0;0;0;0;0;0;0;0;0;0;0;0;0;0;0;0;0;0;0;0;0;0;0;0;0;0;0;0;0;0;0;0;0;0;0;0
68;0;0;0;0;0;0;0;0;0;0;0;0;0;0;0;0;0;0;0;0;0;0;0;0;0;0;0;0;0;0;0;0;0;0;0;0;0;0;0;0;0;0;0;0;0;0;0;0;0;0;0;0;0;0;0;0;0;0;0;0;0;0;0;0;0;0;0;0;0;0;0
69;0;0;0;0;0;0;0;0;0;0;0;0;0;0;0;0;0;0;0;0;0;0;0;0;0;0;0;0;0;0;0;0;0;0;0;0;0;0;0;0;0;0;0;0;0;0;0;0;0;0;0;0;0;0;0;0;0;0;0;0;0;0;0;0;0;0;0;0;0;0;0
70;0;0;0;0;0;0;0;0;0;0;0;0;0;0;0;0;0;0;0;0;0;0;0;0;0;0;0;0;0;0;0;0;0;0;0;0;0;0;0;0;0;0;0;0;0;0;0;0;0;0;0;0;0;0;0;0;0;0;0;0;0;0;0;0;0;0;0;0;0;0;0
71;0;0;0;0;0;0;0;0;0;0;0;0;0;0.004;0.007;0.011;0.014;0.012;0.01;0.007;0.005;0.004;0.003;0.002;0.001;0;0;0;0;0;0;0;0;0;0;0;0;0;0;0;0;0;0;0;0;0;0;0;0;0;0;0;0;0;0;0;0;0;0;0;0;0;0;0;0;0;0;0;0;0;0
72;0;0;0;0;0;0;0;0;0;0;0;0;0;0.007;0.014;0.022;0.029;0.024;0.019;0.015;0.01;0.008;0.006;0.004;0.002;0;0;0;0;0;0;0;0;0;0;0;0;0;0;0;0;0;0;0;0;0;0;0;0;0;0;0;0;0;0;0;0;0;0;0;0;0;0;0;0;0;0;0;0;0;0
73;0;0;0;0;0;0;0;0;0;0;0;0;0;0.011;0.022;0.033;0.044;0.036;0.029;0.022;0.015;0.012;0.009;0.006;0.003;0;0;0;0;0;0;0;0;0;0;0;0;0;0;0;0;0;0;0;0;0;0;0;0;0;0;0;0;0;0;0;0;0;0;0;0;0;0;0;0;0;0;0;0;0;0
74;0;0;0;0;0;0;0;0;0;0;0;0;0;0.014;0.029;0.044;0.059;0.049;0.039;0.029;0.02;0.016;0.012;0.008;0.004;0;0;0;0;0;0;0;0;0;0;0;0;0;0;0;0;0;0;0;0;0;0;0;0;0;0;0;0;0;0;0;0;0;0;0;0;0;0;0;0;0;0;0;0;0;0
75;0;0;0;0;0;0;0;0;0;0;0;0;0;0.018;0.036;0.055;0.073;0.061;0.049;0.037;0.024;0.02;0.015;0.01;0.005;0;0;0;0;0;0;0;0;0;0;0;0;0;0;0;0;0;0;0;0;0;0;0;0;0;0;0;0;0;0;0;0;0;0;0;0;0;0;0;0;0;0;0;0;0;0
76;0;0;0;0;0;0;0;0;0;0;0;0;0;0.015;0.029;0.044;0.059;0.049;0.039;0.029;0.02;0.016;0.012;0.008;0.004;0;0;0;0;0;0;0;0;0;0;0;0;0;0;0;0;0;0;0;0;0;0;0;0;0;0;0;0;0;0;0;0;0;0;0;0;0;0;0;0;0;0;0;0;0;0
77;0;0;0;0;0;0;0;0;0;0;0;0;0;0.011;0.022;0.033;0.044;0.037;0.03;0.022;0.015;0.012;0.009;0.006;0.003;0;0;0;0;0;0;0;0;0;0;0;0;0;0;0;0;0;0;0;0;0;0;0;0;0;0;0;0;0;0;0;0;0;0;0;0;0;0;0;0;0;0;0;0;0;0
78;0;0;0;0;0;0;0;0;0;0;0;0;0;0.007;0.015;0.022;0.03;0.025;0.02;0.015;0.01;0.008;0.006;0.004;0.002;0;0;0;0;0;0;0;0;0;0;0;0;0;0;0;0;0;0;0;0;0;0;0;0;0;0;0;0;0;0;0;0;0;0;0;0;0;0;0;0;0;0;0;0;0;0
79;0;0;0;0;0;0;0;0;0;0;0;0;0;0.004;0.007;0.011;0.015;0.012;0.01;0.007;0.005;0.004;0.003;0.002;0.001;0;0;0;0;0;0;0;0;0;0;0;0;0;0;0;0;0;0;0;0;0;0;0;0;0;0;0;0;0;0;0;0;0;0;0;0;0;0;0;0;0;0;0;0;0;0
80;0;0;0;0;0;0;0;0;0;0;0;0;0;0;0;0;0;0;0;0;0;0;0;0;0;0;0;0;0;0;0;0;0;0;0;0;0;0;0;0;0;0;0;0;0;0;0;0;0;0;0;0;0;0;0;0;0;0;0;0;0;0;0;0;0;0;0;0;0;0;0
81;0;0.023;0.045;0.068;0.09;0.113;0.136;0.13;0.125;0.092;0.059;0.068;0.077;0.087;0.096;0.105;0.115;0.101;0.087;0.074;0.06;0.048;0.036;0.024;0.012;0;0;0;0;0;0;0;0;0;0;0;0;0;0;0;0;0;0;0;0;0;0;0;0;0;0;0;0;0;0;0;0;0;0;0;0;0;0;0;0;0;0;0;0;0;0
82;0;0.045;0.09;0.136;0.181;0.226;0.271;0.26;0.25;0.184;0.118;0.136;0.155;0.173;0.192;0.211;0.23;0.202;0.175;0.147;0.12;0.096;0.072;0.048;0.024;0;0;0;0;0;0;0;0;0;0;0;0;0;0;0;0;0;0;0;0;0;0;0;0;0;0;0;0;0;0;0;0;0;0;0;0;0;0;0;0;0;0;0;0;0;0
83;0;0.068;0.136;0.203;0.271;0.339;0.407;0.391;0.374;0.275;0.176;0.203;0.232;0.26;0.288;0.316;0.344;0.303;0.262;0.221;0.18;0.144;0.108;0.072;0.036;0;0;0;0;0;0;0;0;0;0;0;0;0;0;0;0;0;0;0;0;0;0;0;0;0;0;0;0;0;0;0;0;0;0;0;0;0;0;0;0;0;0;0;0;0;0
84;0;0.09;0.181;0.271;0.362;0.452;0.542;0.521;0.499;0.367;0.235;0.271;0.31;0.346;0.383;0.421;0.459;0.404;0.349;0.295;0.24;0.192;0.144;0.096;0.048;0;0;0;0;0;0;0;0;0;0;0;0;0;0;0;0;0;0;0;0;0;0;0;0;0;0;0;0;0;0;0;0;0;0;0;0;0;0;0;0;0;0;0;0;0;0
85;0;0.113;0.226;0.339;0.452;0.565;0.678;0.651;0.624;0.459;0.294;0.339;0.387;0.433;0.479;0.526;0.574;0.505;0.437;0.368;0.3;0.24;0.18;0.12;0.06;0;0;0;0;0;0;0;0;0;0;0;0;0;0;0;0;0;0;0;0;0;0;0;0;0;0;0;0;0;0;0;0;0;0;0;0;0;0;0;0;0;0;0;0;0;0
86;0;0.136;0.271;0.407;0.542;0.678;0.814;0.781;0.749;0.551;0.353;0.407;0.464;0.519;0.575;0.632;0.689;0.607;0.524;0.442;0.359;0.288;0.216;0.144;0.072;0;0;0;0;0;0;0;0;0;0;0;0;0;0;0;0;0;0;0;0;0;0;0;0;0;0;0;0;0;0;0;0;0;0;0;0;0;0;0;0;0;0;0;0;0;0
87;0;0.158;0.316;0.475;0.633;0.791;0.949;0.911;0.874;0.643;0.412;0.475;0.542;0.606;0.671;0.737;0.804;0.708;0.612;0.515;0.419;0.335;0.252;0.168;0.084;0;0;0;0;0;0;0;0;0;0;0;0;0;0;0;0;0;0;0;0;0;0;0;0;0;0;0;0;0;0;0;0;0;0;0;0;0;0;0;0;0;0;0;0;0;0
88;0;0.181;0.362;0.542;0.723;0.904;1.085;1.042;0.998;0.734;0.47;0.542;0.619;0.693;0.767;0.842;0.919;0.809;0.699;0.589;0.479;0.383;0.288;0.192;0.096;0;0;0;0;0;0;0;0;0;0;0;0;0;0;0;0;0;0;0;0;0;0;0;0;0;0;0;0;0;0;0;0;0;0;0;0;0;0;0;0;0;0;0;0;0;0
89;0;0.203;0.407;0.61;0.814;1.017;1.22;1.172;1.123;0.826;0.529;0.61;0.697;0.779;0.863;0.947;1.033;0.91;0.786;0.663;0.539;0.431;0.323;0.216;0.108;0;0;0;0;0;0;0;0;0;0;0;0;0;0;0;0;0;0;0;0;0;0;0;0;0;0;0;0;0;0;0;0;0;0;0;0;0;0;0;0;0;0;0;0;0;0
90;0;0.226;0.452;0.678;0.904;1.13;1.356;1.302;1.248;0.918;0.588;0.678;0.774;0.866;0.958;1.053;1.148;1.011;0.874;0.736;0.599;0.479;0.359;0.24;0.12;0;0;0;0;0;0;0;0;0;0;0;0;0;0;0;0;0;0;0;0;0;0;0;0;0;0;0;0;0;0;0;0;0;0;0;0;0;0;0;0;0;0;0;0;0;0
91;0;0.242;0.483;0.725;0.966;1.208;1.45;1.424;1.399;1.137;0.875;0.934;1;1.097;1.196;1.295;1.397;1.239;1.081;0.924;0.766;0.627;0.489;0.35;0.211;0.072;0.058;0.043;0.029;0.014;0;0;0;0;0;0;0;0;0;0;0;0;0;0;0;0;0;0;0;0;0;0;0;0;0;0;0;0;0;0;0;0;0;0;0;0;0;0;0;0;0
92;0;0.257;0.514;0.772;1.029;1.286;1.543;1.547;1.55;1.356;1.162;1.189;1.227;1.329;1.433;1.538;1.645;1.467;1.289;1.111;0.934;0.776;0.618;0.46;0.303;0.145;0.116;0.087;0.058;0.029;0;0;0;0;0;0;0;0;0;0;0;0;0;0;0;0;0;0;0;0;0;0;0;0;0;0;0;0;0;0;0;0;0;0;0;0;0;0;0;0;0
93;0;0.273;0.546;0.818;1.091;1.364;1.637;1.669;1.702;1.575;1.448;1.445;1.453;1.561;1.67;1.781;1.893;1.695;1.497;1.299;1.101;0.924;0.747;0.571;0.394;0.217;0.174;0.13;0.087;0.043;0;0;0;0;0;0;0;0;0;0;0;0;0;0;0;0;0;0;0;0;0;0;0;0;0;0;0;0;0;0;0;0;0;0;0;0;0;0;0;0;0
94;0;0.288;0.577;0.865;1.154;1.442;1.73;1.792;1.853;1.794;1.735;1.7;1.679;1.792;1.907;2.024;2.142;1.923;1.705;1.486;1.268;1.072;0.877;0.681;0.485;0.29;0.232;0.174;0.116;0.058;0;0;0;0;0;0;0;0;0;0;0;0;0;0;0;0;0;0;0;0;0;0;0;0;0;0;0;0;0;0;0;0;0;0;0;0;0;0;0;0;0
95;0;0.304;0.608;0.912;1.216;1.52;1.824;1.914;2.004;2.013;2.022;1.956;1.905;2.024;2.144;2.266;2.39;2.151;1.913;1.674;1.435;1.221;1.006;0.791;0.577;0.362;0.29;0.217;0.145;0.072;0;0;0;0;0;0;0;0;0;0;0;0;0;0;0;0;0;0;0;0;0;0;0;0;0;0;0;0;0;0;0;0;0;0;0;0;0;0;0;0;0
96;0;0.32;0.639;0.959;1.278;1.598;1.918;2.036;2.155;2.232;2.309;2.212;2.131;2.256;2.381;2.509;2.638;2.379;2.12;1.861;1.602;1.369;1.135;0.902;0.668;0.434;0.347;0.261;0.174;0.087;0;0;0;0;0;0;0;0;0;0;0;0;0;0;0;0;0;0;0;0;0;0;0;0;0;0;0;0;0;0;0;0;0;0;0;0;0;0;0;0;0
97;0;0.335;0.67;1.006;1.341;1.676;2.011;2.159;2.306;2.451;2.596;2.467;2.358;2.487;2.619;2.752;2.887;2.607;2.328;2.049;1.77;1.517;1.264;1.012;0.759;0.507;0.405;0.304;0.203;0.101;0;0;0;0;0;0;0;0;0;0;0;0;0;0;0;0;0;0;0;0;0;0;0;0;0;0;0;0;0;0;0;0;0;0;0;0;0;0;0;0;0
98;0;0.351;0.702;1.052;1.403;1.754;2.105;2.281;2.458;2.67;2.882;2.723;2.584;2.719;2.856;2.994;3.135;2.835;2.536;2.236;1.937;1.665;1.394;1.122;0.851;0.579;0.463;0.347;0.232;0.116;0;0;0;0;0;0;0;0;0;0;0;0;0;0;0;0;0;0;0;0;0;0;0;0;0;0;0;0;0;0;0;0;0;0;0;0;0;0;0;0;0
99;0;0.366;0.733;1.099;1.466;1.832;2.198;2.404;2.609;2.889;3.169;2.978;2.81;2.95;3.093;3.237;3.383;3.064;2.744;2.424;2.104;1.814;1.523;1.233;0.942;0.651;0.521;0.391;0.261;0.13;0;0;0;0;0;0;0;0;0;0;0;0;0;0;0;0;0;0;0;0;0;0;0;0;0;0;0;0;0;0;0;0;0;0;0;0;0;0;0;0;0
100;0;0.382;0.764;1.146;1.528;1.91;2.292;2.526;2.76;3.108;3.456;3.234;3.036;3.182;3.33;3.48;3.632;3.292;2.952;2.611;2.271;1.962;1.652;1.343;1.033;0.724;0.579;0.434;0.29;0.145;0;0;0;0;0;0;0;0;0;0;0;0;0;0;0;0;0;0;0;0;0;0;0;0;0;0;0;0;0;0;0;0;0;0;0;0;0;0;0;0;0
101;0;0.391;0.782;1.174;1.565;1.956;2.347;2.644;2.94;3.264;3.588;3.446;3.331;3.498;3.668;3.84;4.014;3.652;3.29;2.928;2.566;2.236;1.907;1.577;1.248;0.919;0.756;0.593;0.43;0.268;0.105;0.094;0.084;0.073;0.063;0.052;0.042;0.031;0.02;0.01;0;0;0;0;0;0;0;0;0;0;0;0;0;0;0;0;0;0;0;0;0;0;0;0;0;0;0;0;0;0;0
102;0;0.4;0.801;1.201;1.602;2.002;2.402;2.761;3.12;3.42;3.72;3.659;3.626;3.815;4.006;4.199;4.395;4.012;3.628;3.244;2.86;2.511;2.162;1.812;1.463;1.113;0.933;0.752;0.571;0.39;0.21;0.189;0.168;0.147;0.126;0.105;0.083;0.062;0.041;0.02;0;0;0;0;0;0;0;0;0;0;0;0;0;0;0;0;0;0;0;0;0;0;0;0;0;0;0;0;0;0;0
103;0;0.41;0.819;1.229;1.638;2.048;2.458;2.879;3.3;3.576;3.852;3.871;3.922;4.131;4.344;4.559;4.777;4.372;3.966;3.561;3.155;2.786;2.416;2.047;1.677;1.308;1.109;0.911;0.712;0.513;0.314;0.283;0.252;0.22;0.189;0.157;0.125;0.093;0.061;0.03;0;0;0;0;0;0;0;0;0;0;0;0;0;0;0;0;0;0;0;0;0;0;0;0;0;0;0;0;0;0;0
104;0;0.419;0.838;1.256;1.675;2.094;2.513;2.996;3.48;3.732;3.984;4.084;4.217;4.448;4.682;4.919;5.159;4.732;4.304;3.877;3.449;3.06;2.671;2.281;1.892;1.503;1.286;1.069;0.853;0.636;0.419;0.377;0.335;0.294;0.252;0.21;0.166;0.124;0.082;0.041;0;0;0;0;0;0;0;0;0;0;0;0;0;0;0;0;0;0;0;0;0;0;0;0;0;0;0;0;0;0;0
105;0;0.428;0.856;1.284;1.712;2.14;2.568;3.114;3.66;3.888;4.116;4.296;4.512;4.764;5.02;5.279;5.541;5.092;4.643;4.193;3.744;3.335;2.925;2.516;2.107;1.697;1.463;1.228;0.993;0.759;0.524;0.472;0.419;0.367;0.314;0.262;0.208;0.155;0.102;0.051;0;0;0;0;0;0;0;0;0;0;0;0;0;0;0;0;0;0;0;0;0;0;0;0;0;0;0;0;0;0;0
106;0;0.432;0.864;1.296;1.728;2.16;2.592;3.199;3.806;3.982;4.157;4.417;4.715;5.021;5.331;5.645;5.963;5.499;5.034;4.57;4.106;3.661;3.216;2.772;2.327;1.882;1.644;1.406;1.168;0.93;0.691;0.622;0.553;0.484;0.415;0.346;0.274;0.204;0.135;0.067;0;0;0;0;0;0;0;0;0;0;0;0;0;0;0;0;0;0;0;0;0;0;0;0;0;0;0;0;0;0;0
107;0;0.436;0.872;1.308;1.744;2.18;2.616;3.284;3.953;4.075;4.198;4.538;4.918;5.277;5.641;6.011;6.385;5.906;5.426;4.947;4.468;3.988;3.507;3.027;2.547;2.067;1.825;1.583;1.342;1.1;0.859;0.773;0.687;0.601;0.515;0.429;0.341;0.254;0.168;0.083;0;0;0;0;0;0;0;0;0;0;0;0;0;0;0;0;0;0;0;0;0;0;0;0;0;0;0;0;0;0;0
108;0;0.44;0.88;1.32;1.76;2.2;2.64;3.37;4.099;4.169;4.238;4.66;5.121;5.534;5.952;6.377;6.807;6.312;5.818;5.324;4.83;4.314;3.798;3.283;2.767;2.251;2.006;1.761;1.516;1.271;1.026;0.923;0.821;0.718;0.616;0.513;0.407;0.303;0.2;0.099;0;0;0;0;0;0;0;0;0;0;0;0;0;0;0;0;0;0;0;0;0;0;0;0;0;0;0;0;0;0;0
109;0;0.444;0.888;1.332;1.776;2.22;2.664;3.455;4.246;4.262;4.279;4.781;5.325;5.791;6.263;6.742;7.228;6.719;6.21;5.701;5.192;4.641;4.089;3.538;2.987;2.436;2.187;1.939;1.69;1.442;1.193;1.074;0.954;0.835;0.716;0.597;0.474;0.352;0.233;0.116;0;0;0;0;0;0;0;0;0;0;0;0;0;0;0;0;0;0;0;0;0;0;0;0;0;0;0;0;0;0;0
110;0;0.448;0.896;1.344;1.792;2.24;2.688;3.54;4.392;4.356;4.32;4.902;5.528;6.047;6.574;7.108;7.65;7.126;6.602;6.078;5.554;4.967;4.38;3.794;3.207;2.621;2.369;2.117;1.865;1.612;1.36;1.224;1.088;0.952;0.816;0.68;0.54;0.402;0.266;0.132;0;0;0;0;0;0;0;0;0;0;0;0;0;0;0;0;0;0;0;0;0;0;0;0;0;0;0;0;0;0;0
111;0;0.449;0.898;1.348;1.797;2.246;2.695;3.578;4.462;4.4;4.339;4.963;5.632;6.217;6.811;7.414;8.025;7.499;6.974;6.448;5.923;5.326;4.729;4.132;3.535;2.938;2.657;2.376;2.095;1.814;1.533;1.379;1.226;1.073;0.92;0.766;0.608;0.453;0.299;0.149;0;0;0;0;0;0;0;0;0;0;0;0;0;0;0;0;0;0;0;0;0;0;0;0;0;0;0;0;0;0;0
112;0;0.45;0.901;1.351;1.802;2.252;2.702;3.617;4.531;4.445;4.358;5.024;5.736;6.387;7.048;7.719;8.399;7.872;7.346;6.819;6.292;5.685;5.077;4.47;3.862;3.255;2.945;2.635;2.325;2.015;1.705;1.534;1.364;1.193;1.023;0.852;0.677;0.504;0.333;0.165;0;0;0;0;0;0;0;0;0;0;0;0;0;0;0;0;0;0;0;0;0;0;0;0;0;0;0;0;0;0;0
113;0;0.452;0.903;1.355;1.806;2.258;2.71;3.655;4.601;4.489;4.378;5.086;5.84;6.557;7.286;8.024;8.773;8.246;7.718;7.19;6.662;6.044;5.426;4.808;4.19;3.572;3.233;2.894;2.555;2.216;1.877;1.689;1.502;1.314;1.126;0.938;0.745;0.554;0.367;0.182;0;0;0;0;0;0;0;0;0;0;0;0;0;0;0;0;0;0;0;0;0;0;0;0;0;0;0;0;0;0;0
114;0;0.453;0.906;1.358;1.811;2.264;2.717;3.694;4.67;4.534;4.397;5.147;5.944;6.728;7.523;8.329;9.148;8.619;8.09;7.56;7.031;6.403;5.774;5.146;4.517;3.889;3.521;3.153;2.785;2.417;2.049;1.844;1.639;1.434;1.23;1.025;0.813;0.605;0.4;0.199;0;0;0;0;0;0;0;0;0;0;0;0;0;0;0;0;0;0;0;0;0;0;0;0;0;0;0;0;0;0;0
115;0;0.454;0.908;1.362;1.816;2.27;2.724;3.732;4.74;4.578;4.416;5.208;6.048;6.898;7.76;8.635;9.522;8.992;8.461;7.931;7.401;6.762;6.123;5.484;4.845;4.206;3.809;3.412;3.015;2.618;2.221;1.999;1.777;1.555;1.333;1.111;0.882;0.656;0.434;0.215;0;0;0;0;0;0;0;0;0;0;0;0;0;0;0;0;0;0;0;0;0;0;0;0;0;0;0;0;0;0;0
116;0;0.453;0.906;1.36;1.813;2.266;2.719;3.727;4.735;4.582;4.428;5.243;6.106;7.062;8.033;9.017;10.016;9.455;8.893;8.332;7.77;7.114;6.457;5.801;5.144;4.488;4.083;3.678;3.273;2.868;2.464;2.217;1.971;1.724;1.478;1.232;0.978;0.728;0.481;0.239;0;0;0;0;0;0;0;0;0;0;0;0;0;0;0;0;0;0;0;0;0;0;0;0;0;0;0;0;0;0;0
117;0;0.452;0.905;1.357;1.81;2.262;2.714;3.722;4.73;4.585;4.44;5.278;6.164;7.227;8.305;9.4;10.511;9.918;9.325;8.732;8.139;7.466;6.792;6.118;5.444;4.77;4.357;3.944;3.531;3.119;2.706;2.435;2.165;1.894;1.623;1.353;1.074;0.799;0.529;0.262;0;0;0;0;0;0;0;0;0;0;0;0;0;0;0;0;0;0;0;0;0;0;0;0;0;0;0;0;0;0;0
118;0;0.452;0.903;1.355;1.806;2.258;2.71;3.718;4.726;4.589;4.452;5.312;6.222;7.391;8.578;9.783;11.005;10.381;9.757;9.133;8.509;7.817;7.126;6.435;5.743;5.052;4.631;4.21;3.789;3.369;2.948;2.653;2.358;2.063;1.769;1.474;1.17;0.871;0.576;0.286;0;0;0;0;0;0;0;0;0;0;0;0;0;0;0;0;0;0;0;0;0;0;0;0;0;0;0;0;0;0;0
119;0;0.451;0.902;1.352;1.803;2.254;2.705;3.713;4.721;4.592;4.464;5.347;6.28;7.556;8.851;10.165;11.499;10.844;10.189;9.533;8.878;8.169;7.461;6.752;6.043;5.334;4.905;4.476;4.048;3.619;3.19;2.871;2.552;2.233;1.914;1.595;1.266;0.942;0.623;0.309;0;0;0;0;0;0;0;0;0;0;0;0;0;0;0;0;0;0;0;0;0;0;0;0;0;0;0;0;0;0;0
120;0;0.45;0.9;1.35;1.8;2.25;2.7;3.708;4.716;4.596;4.476;5.382;6.338;7.721;9.124;10.548;11.993;11.307;10.62;9.934;9.248;8.521;7.795;7.069;6.342;5.616;5.179;4.742;4.306;3.869;3.432;3.089;2.746;2.402;2.059;1.716;1.362;1.014;0.671;0.333;0;0;0;0;0;0;0;0;0;0;0;0;0;0;0;0;0;0;0;0;0;0;0;0;0;0;0;0;0;0;0
121;0;0.444;0.888;1.332;1.776;2.22;2.664;3.678;4.692;4.578;4.464;5.38;6.346;7.747;9.169;10.613;12.078;11.442;10.805;10.169;9.532;8.804;8.077;7.349;6.621;5.893;5.446;4.999;4.553;4.106;3.659;3.293;2.927;2.561;2.195;1.83;1.452;1.081;0.715;0.355;0;0;0;0;0;0;0;0;0;0;0;0;0;0;0;0;0;0;0;0;0;0;0;0;0;0;0;0;0;0;0
122;0;0.438;0.876;1.314;1.752;2.19;2.628;3.648;4.668;4.56;4.452;5.377;6.353;7.773;9.215;10.678;12.163;11.576;10.99;10.403;9.817;9.087;8.358;7.629;6.899;6.17;5.713;5.257;4.8;4.343;3.886;3.498;3.109;2.72;2.332;1.943;1.543;1.148;0.759;0.377;0;0;0;0;0;0;0;0;0;0;0;0;0;0;0;0;0;0;0;0;0;0;0;0;0;0;0;0;0;0;0
123;0;0.432;0.864;1.296;1.728;2.16;2.592;3.618;4.644;4.542;4.44;5.375;6.36;7.799;9.26;10.743;12.248;11.711;11.175;10.638;10.101;9.37;8.64;7.909;7.178;6.447;5.98;5.514;5.047;4.58;4.113;3.702;3.291;2.879;2.468;2.057;1.633;1.215;0.804;0.399;0;0;0;0;0;0;0;0;0;0;0;0;0;0;0;0;0;0;0;0;0;0;0;0;0;0;0;0;0;0;0
124;0;0.426;0.852;1.278;1.704;2.13;2.556;3.588;4.62;4.524;4.428;5.372;6.367;7.825;9.306;10.808;12.333;11.846;11.359;10.873;10.386;9.654;8.921;8.189;7.457;6.724;6.247;5.771;5.294;4.817;4.341;3.906;3.472;3.038;2.604;2.17;1.723;1.282;0.848;0.421;0;0;0;0;0;0;0;0;0;0;0;0;0;0;0;0;0;0;0;0;0;0;0;0;0;0;0;0;0;0;0
125;0;0.42;0.84;1.26;1.68;2.1;2.52;3.558;4.596;4.506;4.416;5.37;6.375;7.852;9.351;10.873;12.418;11.981;11.544;11.107;10.67;9.937;9.203;8.469;7.735;7.001;6.515;6.028;5.541;5.054;4.568;4.111;3.654;3.197;2.741;2.284;1.813;1.349;0.892;0.443;0;0;0;0;0;0;0;0;0;0;0;0;0;0;0;0;0;0;0;0;0;0;0;0;0;0;0;0;0;0;0
126;0;0.415;0.83;1.244;1.659;2.074;2.489;3.524;4.56;4.476;4.392;5.351;6.36;7.844;9.35;10.879;12.43;12.038;11.646;11.254;10.863;10.134;9.406;8.678;7.949;7.221;6.737;6.252;5.768;5.284;4.8;4.33;3.861;3.391;2.922;2.452;1.968;1.49;1.02;0.557;0.101;0.106;0.111;0.117;0.122;0.127;0.132;0.138;0.143;0.148;0.154;0.146;0.138;0.131;0.123;0.115;0.108;0.1;0.092;0.084;0.077;0.069;0.061;0.054;0.046;0.038;0.031;0.023;0.015;0.008;0
127;0;0.41;0.819;1.229;1.638;2.048;2.458;3.491;4.524;4.446;4.368;5.332;6.346;7.836;9.349;10.884;12.443;12.096;11.749;11.402;11.055;10.332;9.609;8.886;8.163;7.441;6.959;6.477;5.995;5.514;5.032;4.55;4.067;3.585;3.103;2.621;2.122;1.631;1.147;0.671;0.202;0.212;0.223;0.233;0.244;0.254;0.265;0.276;0.286;0.297;0.307;0.292;0.276;0.261;0.246;0.23;0.215;0.2;0.184;0.169;0.154;0.138;0.123;0.108;0.092;0.077;0.061;0.046;0.031;0.015;0
128;0;0.404;0.809;1.213;1.618;2.022;2.426;3.457;4.488;4.416;4.344;5.312;6.331;7.828;9.347;10.89;12.455;12.153;11.851;11.549;11.247;10.53;9.812;9.095;8.378;7.66;7.181;6.702;6.223;5.743;5.264;4.769;4.274;3.779;3.284;2.789;2.277;1.772;1.274;0.785;0.302;0.318;0.334;0.35;0.366;0.382;0.397;0.413;0.429;0.445;0.461;0.438;0.415;0.392;0.369;0.346;0.323;0.3;0.276;0.253;0.23;0.207;0.184;0.161;0.138;0.115;0.092;0.069;0.046;0.023;0
129;0;0.399;0.798;1.198;1.597;1.996;2.395;3.424;4.452;4.386;4.32;5.293;6.317;7.82;9.346;10.895;12.468;12.21;11.953;11.696;11.439;10.727;10.015;9.304;8.592;7.88;7.403;6.926;6.45;5.973;5.496;4.989;4.481;3.973;3.465;2.958;2.431;1.913;1.402;0.898;0.403;0.424;0.445;0.467;0.488;0.509;0.53;0.551;0.572;0.593;0.614;0.584;0.553;0.522;0.492;0.461;0.43;0.399;0.369;0.338;0.307;0.276;0.246;0.215;0.184;0.154;0.123;0.092;0.061;0.031;0
130;0;0.394;0.788;1.182;1.576;1.97;2.364;3.39;4.416;4.356;4.296;5.274;6.302;7.812;9.345;10.901;12.48;12.268;12.056;11.844;11.631;10.925;10.219;9.512;8.806;8.1;7.625;7.151;6.677;6.203;5.728;5.208;4.687;4.167;3.647;3.126;2.586;2.053;1.529;1.012;0.504;0.53;0.557;0.583;0.61;0.636;0.662;0.689;0.715;0.742;0.768;0.73;0.691;0.653;0.614;0.576;0.538;0.499;0.461;0.422;0.384;0.346;0.307;0.269;0.23;0.192;0.154;0.115;0.077;0.038;0
131;0;0.388;0.777;1.165;1.554;1.942;2.33;3.355;4.38;4.326;4.272;5.248;6.273;7.784;9.318;10.875;12.455;12.246;12.037;11.828;11.619;10.944;10.269;9.594;8.919;8.244;7.78;7.315;6.85;6.385;5.921;5.39;4.86;4.33;3.8;3.27;2.719;2.175;1.641;1.114;0.595;0.623;0.651;0.679;0.707;0.734;0.762;0.79;0.818;0.846;0.874;0.83;0.786;0.743;0.699;0.655;0.612;0.568;0.524;0.48;0.437;0.393;0.349;0.306;0.262;0.218;0.175;0.131;0.087;0.044;0
132;0;0.383;0.766;1.148;1.531;1.914;2.297;3.32;4.344;4.296;4.248;5.221;6.244;7.756;9.291;10.849;12.43;12.224;12.018;11.812;11.606;10.963;10.319;9.676;9.033;8.389;7.934;7.479;7.023;6.568;6.113;5.573;5.033;4.493;3.953;3.413;2.851;2.298;1.752;1.215;0.686;0.716;0.745;0.774;0.804;0.833;0.862;0.891;0.921;0.95;0.979;0.93;0.881;0.832;0.783;0.734;0.685;0.636;0.588;0.539;0.49;0.441;0.392;0.343;0.294;0.245;0.196;0.147;0.098;0.049;0
133;0;0.377;0.754;1.132;1.509;1.886;2.263;3.286;4.308;4.266;4.224;5.195;6.215;7.728;9.264;10.823;12.405;12.202;12;11.797;11.594;10.982;10.37;9.758;9.146;8.534;8.088;7.642;7.196;6.751;6.305;5.755;5.206;4.656;4.106;3.557;2.984;2.42;1.864;1.317;0.778;0.808;0.839;0.87;0.9;0.931;0.962;0.993;1.023;1.054;1.085;1.031;0.976;0.922;0.868;0.814;0.759;0.705;0.651;0.597;0.542;0.488;0.434;0.38;0.325;0.271;0.217;0.163;0.108;0.054;0
134;0;0.372;0.743;1.115;1.486;1.858;2.23;3.251;4.272;4.236;4.2;5.168;6.186;7.7;9.237;10.797;12.38;12.18;11.981;11.781;11.581;11.001;10.42;9.84;9.259;8.679;8.242;7.806;7.37;6.933;6.497;5.938;5.378;4.819;4.26;3.7;3.117;2.542;1.976;1.418;0.869;0.901;0.933;0.965;0.997;1.03;1.062;1.094;1.126;1.158;1.19;1.131;1.071;1.012;0.952;0.893;0.833;0.774;0.714;0.655;0.595;0.536;0.476;0.417;0.357;0.298;0.238;0.179;0.119;0.06;0
135;0;0.366;0.732;1.098;1.464;1.83;2.196;3.216;4.236;4.206;4.176;5.142;6.157;7.672;9.21;10.771;12.355;12.159;11.962;11.766;11.569;11.02;10.471;9.922;9.372;8.823;8.397;7.97;7.543;7.116;6.689;6.12;5.551;4.982;4.413;3.844;3.25;2.664;2.087;1.519;0.96;0.994;1.027;1.061;1.094;1.128;1.162;1.195;1.229;1.262;1.296;1.231;1.166;1.102;1.037;0.972;0.907;0.842;0.778;0.713;0.648;0.583;0.518;0.454;0.389;0.324;0.259;0.194;0.13;0.065;0
136;0;0.362;0.723;1.085;1.446;1.808;2.17;3.185;4.2;4.17;4.14;5.106;6.121;7.638;9.179;10.743;12.33;12.134;11.938;11.742;11.546;11.003;10.46;9.917;9.374;8.831;8.416;8.001;7.586;7.172;6.757;6.188;5.618;5.049;4.48;3.911;3.316;2.73;2.153;1.585;1.025;1.06;1.094;1.129;1.164;1.199;1.234;1.268;1.303;1.338;1.373;1.304;1.236;1.167;1.098;1.03;0.961;0.892;0.824;0.755;0.686;0.618;0.549;0.48;0.412;0.343;0.275;0.206;0.137;0.069;0
137;0;0.357;0.714;1.072;1.429;1.786;2.143;3.154;4.164;4.134;4.104;5.07;6.084;7.605;9.148;10.715;12.305;12.11;11.915;11.719;11.524;10.987;10.45;9.913;9.375;8.838;8.435;8.033;7.63;7.227;6.824;6.255;5.686;5.117;4.548;3.979;3.383;2.797;2.219;1.65;1.09;1.126;1.162;1.198;1.234;1.27;1.306;1.342;1.378;1.414;1.45;1.377;1.305;1.232;1.16;1.087;1.015;0.942;0.87;0.797;0.725;0.652;0.58;0.507;0.435;0.362;0.29;0.217;0.145;0.072;0
138;0;0.353;0.706;1.058;1.411;1.764;2.117;3.122;4.128;4.098;4.068;5.034;6.048;7.571;9.118;10.687;12.28;12.086;11.891;11.696;11.502;10.97;10.439;9.908;9.377;8.846;8.455;8.064;7.673;7.282;6.891;6.322;5.753;5.184;4.615;4.046;3.45;2.863;2.285;1.715;1.154;1.192;1.229;1.266;1.303;1.34;1.378;1.415;1.452;1.489;1.526;1.45;1.374;1.297;1.221;1.145;1.068;0.992;0.916;0.84;0.763;0.687;0.611;0.534;0.458;0.382;0.305;0.229;0.153;0.076;0
139;0;0.348;0.697;1.045;1.394;1.742;2.09;3.091;4.092;4.062;4.032;4.998;6.012;7.538;9.087;10.66;12.255;12.061;11.867;11.673;11.479;10.954;10.429;9.904;9.378;8.853;8.474;8.096;7.717;7.338;6.959;6.39;5.821;5.252;4.682;4.113;3.517;2.929;2.351;1.781;1.219;1.258;1.296;1.334;1.373;1.411;1.45;1.488;1.526;1.565;1.603;1.523;1.443;1.363;1.283;1.202;1.122;1.042;0.962;0.882;0.802;0.721;0.641;0.561;0.481;0.401;0.321;0.24;0.16;0.08;0
140;0;0.344;0.688;1.032;1.376;1.72;2.064;3.06;4.056;4.026;3.996;4.962;5.975;7.504;9.056;10.632;12.23;12.037;11.844;11.65;11.457;10.937;10.418;9.899;9.38;8.861;8.494;8.127;7.76;7.393;7.026;6.457;5.888;5.319;4.75;4.181;3.584;2.996;2.416;1.846;1.284;1.324;1.363;1.403;1.442;1.482;1.522;1.561;1.601;1.64;1.68;1.596;1.512;1.428;1.344;1.26;1.176;1.092;1.008;0.924;0.84;0.756;0.672;0.588;0.504;0.42;0.336;0.252;0.168;0.084;0
141;0;0.34;0.679;1.019;1.358;1.698;2.038;3.029;4.02;3.987;3.954;4.911;5.915;7.432;8.972;10.535;12.122;11.935;11.747;11.56;11.373;10.849;10.324;9.8;9.275;8.751;8.397;8.042;7.688;7.333;6.979;6.416;5.854;5.291;4.729;4.166;3.576;2.995;2.422;1.858;1.302;1.341;1.38;1.419;1.458;1.496;1.535;1.574;1.613;1.652;1.691;1.606;1.522;1.437;1.353;1.268;1.184;1.099;1.014;0.93;0.845;0.761;0.676;0.592;0.507;0.423;0.338;0.254;0.169;0.085;0
142;0;0.335;0.67;1.006;1.341;1.676;2.011;2.998;3.984;3.948;3.912;4.86;5.854;7.36;8.888;10.439;12.013;11.832;11.651;11.47;11.289;10.76;10.23;9.7;9.171;8.641;8.299;7.957;7.615;7.273;6.931;6.376;5.82;5.264;4.708;4.152;3.569;2.994;2.427;1.869;1.32;1.358;1.396;1.434;1.473;1.511;1.549;1.587;1.625;1.663;1.702;1.617;1.531;1.446;1.361;1.276;1.191;1.106;1.021;0.936;0.851;0.766;0.681;0.596;0.51;0.425;0.34;0.255;0.17;0.085;0
143;0;0.331;0.662;0.992;1.323;1.654;1.985;2.966;3.948;3.909;3.87;4.809;5.794;7.287;8.804;10.343;11.905;11.73;11.555;11.381;11.206;10.671;10.136;9.601;9.066;8.531;8.202;7.872;7.543;7.213;6.884;6.335;5.785;5.236;4.687;4.138;3.561;2.992;2.433;1.881;1.338;1.375;1.413;1.45;1.488;1.525;1.563;1.6;1.638;1.675;1.712;1.627;1.541;1.456;1.37;1.284;1.199;1.113;1.027;0.942;0.856;0.771;0.685;0.599;0.514;0.428;0.342;0.257;0.171;0.086;0
144;0;0.326;0.653;0.979;1.306;1.632;1.958;2.935;3.912;3.87;3.828;4.758;5.734;7.215;8.72;10.247;11.796;11.628;11.459;11.291;11.122;10.582;10.042;9.502;8.962;8.422;8.105;7.788;7.471;7.154;6.837;6.294;5.751;5.209;4.666;4.123;3.553;2.991;2.438;1.893;1.356;1.393;1.429;1.466;1.503;1.54;1.576;1.613;1.65;1.686;1.723;1.637;1.551;1.465;1.379;1.292;1.206;1.12;1.034;0.948;0.862;0.775;0.689;0.603;0.517;0.431;0.345;0.258;0.172;0.086;0
145;0;0.322;0.644;0.966;1.288;1.61;1.932;2.904;3.876;3.831;3.786;4.707;5.673;7.143;8.635;10.15;11.688;11.525;11.363;11.201;11.039;10.493;9.948;9.402;8.857;8.312;8.007;7.703;7.398;7.094;6.789;6.253;5.717;5.181;4.645;4.109;3.546;2.99;2.443;1.905;1.374;1.41;1.446;1.482;1.518;1.554;1.59;1.626;1.662;1.698;1.734;1.647;1.561;1.474;1.387;1.301;1.214;1.127;1.04;0.954;0.867;0.78;0.694;0.607;0.52;0.434;0.347;0.26;0.173;0.087;0
146;0;0.318;0.635;0.953;1.27;1.588;1.906;2.873;3.84;3.792;3.744;4.656;5.613;7.071;8.551;10.054;11.579;11.423;11.267;11.111;10.955;10.404;9.854;9.303;8.752;8.202;7.91;7.618;7.326;7.034;6.742;6.212;5.683;5.153;4.624;4.095;3.538;2.989;2.449;1.916;1.392;1.427;1.463;1.498;1.533;1.568;1.604;1.639;1.674;1.71;1.745;1.658;1.57;1.483;1.396;1.309;1.221;1.134;1.047;0.96;0.872;0.785;0.698;0.611;0.523;0.436;0.349;0.262;0.174;0.087;0
147;0;0.313;0.626;0.94;1.253;1.566;1.879;2.842;3.804;3.753;3.702;4.605;5.552;6.999;8.467;9.958;11.47;11.321;11.171;11.021;10.871;10.315;9.76;9.204;8.648;8.092;7.812;7.533;7.253;6.974;6.694;6.171;5.649;5.126;4.603;4.08;3.53;2.988;2.454;1.928;1.41;1.445;1.479;1.514;1.548;1.583;1.617;1.652;1.686;1.721;1.756;1.668;1.58;1.492;1.404;1.317;1.229;1.141;1.053;0.966;0.878;0.79;0.702;0.614;0.527;0.439;0.351;0.263;0.176;0.088;0
148;0;0.309;0.618;0.926;1.235;1.544;1.853;2.81;3.768;3.714;3.66;4.554;5.492;6.926;8.383;9.861;11.362;11.218;11.075;10.931;10.788;10.227;9.666;9.104;8.543;7.982;7.715;7.448;7.181;6.914;6.647;6.131;5.615;5.098;4.582;4.066;3.523;2.987;2.459;1.94;1.428;1.462;1.496;1.53;1.563;1.597;1.631;1.665;1.699;1.733;1.766;1.678;1.59;1.501;1.413;1.325;1.236;1.148;1.06;0.972;0.883;0.795;0.707;0.618;0.53;0.442;0.353;0.265;0.177;0.088;0
149;0;0.304;0.609;0.913;1.218;1.522;1.826;2.779;3.732;3.675;3.618;4.503;5.431;6.854;8.299;9.765;11.253;11.116;10.979;10.841;10.704;10.138;9.571;9.005;8.439;7.872;7.618;7.363;7.109;6.854;6.599;6.09;5.58;5.071;4.561;4.052;3.515;2.986;2.465;1.951;1.446;1.479;1.512;1.545;1.578;1.612;1.645;1.678;1.711;1.744;1.777;1.688;1.599;1.511;1.422;1.333;1.244;1.155;1.066;0.977;0.889;0.8;0.711;0.622;0.533;0.444;0.355;0.267;0.178;0.089;0
150;0;0.3;0.6;0.9;1.2;1.5;1.8;2.748;3.696;3.636;3.576;4.452;5.371;6.782;8.215;9.669;11.145;11.014;10.883;10.752;10.62;10.049;9.477;8.906;8.334;7.763;7.52;7.278;7.036;6.794;6.552;6.049;5.546;5.043;4.54;4.037;3.507;2.985;2.47;1.963;1.464;1.496;1.529;1.561;1.594;1.626;1.658;1.691;1.723;1.756;1.788;1.699;1.609;1.52;1.43;1.341;1.252;1.162;1.073;0.983;0.894;0.805;0.715;0.626;0.536;0.447;0.358;0.268;0.179;0.089;0
151;0;0.295;0.59;0.885;1.18;1.475;1.77;2.702;3.635;3.575;3.515;4.378;5.282;6.689;8.116;9.565;11.036;10.905;10.774;10.643;10.512;9.946;9.379;8.813;8.247;7.68;7.441;7.201;6.962;6.723;6.483;5.987;5.49;4.994;4.498;4.001;3.478;2.962;2.454;1.953;1.46;1.491;1.523;1.554;1.585;1.616;1.647;1.678;1.709;1.74;1.771;1.683;1.594;1.506;1.417;1.328;1.24;1.151;1.063;0.974;0.886;0.797;0.708;0.62;0.531;0.443;0.354;0.266;0.177;0.089;0
152;0;0.29;0.58;0.87;1.16;1.45;1.74;2.657;3.574;3.514;3.454;4.303;5.194;6.595;8.018;9.462;10.927;10.796;10.665;10.534;10.403;9.842;9.281;8.72;8.159;7.598;7.361;7.125;6.888;6.651;6.415;5.925;5.435;4.945;4.455;3.965;3.448;2.939;2.437;1.943;1.457;1.487;1.516;1.546;1.576;1.606;1.635;1.665;1.695;1.725;1.754;1.667;1.579;1.491;1.404;1.316;1.228;1.14;1.053;0.965;0.877;0.789;0.702;0.614;0.526;0.439;0.351;0.263;0.175;0.088;0
153;0;0.285;0.57;0.855;1.14;1.425;1.71;2.611;3.512;3.452;3.392;4.229;5.106;6.502;7.92;9.359;10.819;10.688;10.557;10.426;10.295;9.739;9.183;8.627;8.071;7.515;7.282;7.048;6.814;6.58;6.346;5.863;5.379;4.896;4.412;3.929;3.419;2.916;2.421;1.933;1.453;1.482;1.51;1.539;1.567;1.595;1.624;1.652;1.681;1.709;1.738;1.651;1.564;1.477;1.39;1.303;1.216;1.129;1.043;0.956;0.869;0.782;0.695;0.608;0.521;0.434;0.348;0.261;0.174;0.087;0
154;0;0.28;0.56;0.84;1.12;1.4;1.68;2.566;3.451;3.391;3.331;4.154;5.017;6.409;7.821;9.255;10.71;10.579;10.448;10.317;10.186;9.636;9.085;8.534;7.984;7.433;7.202;6.971;6.74;6.509;6.277;5.8;5.323;4.846;4.369;3.893;3.389;2.893;2.405;1.924;1.45;1.477;1.504;1.531;1.558;1.585;1.612;1.639;1.667;1.694;1.721;1.635;1.549;1.463;1.377;1.291;1.205;1.119;1.032;0.946;0.86;0.774;0.688;0.602;0.516;0.43;0.344;0.258;0.172;0.086;0
155;0;0.275;0.55;0.825;1.1;1.375;1.65;2.52;3.39;3.33;3.27;4.08;4.929;6.315;7.723;9.152;10.602;10.471;10.34;10.209;10.078;9.532;8.987;8.441;7.896;7.351;7.122;6.894;6.666;6.437;6.209;5.738;5.268;4.797;4.327;3.856;3.36;2.87;2.388;1.914;1.446;1.472;1.498;1.523;1.549;1.575;1.601;1.627;1.652;1.678;1.704;1.619;1.534;1.448;1.363;1.278;1.193;1.108;1.022;0.937;0.852;0.767;0.682;0.596;0.511;0.426;0.341;0.256;0.17;0.085;0
156;0;0.27;0.54;0.81;1.08;1.35;1.62;2.474;3.329;3.269;3.209;4.006;4.841;6.222;7.625;9.048;10.493;10.362;10.231;10.1;9.969;9.429;8.889;8.349;7.808;7.268;7.043;6.817;6.591;6.366;6.14;5.676;5.212;4.748;4.284;3.82;3.33;2.848;2.372;1.904;1.442;1.467;1.491;1.516;1.54;1.565;1.589;1.614;1.638;1.663;1.687;1.603;1.518;1.434;1.35;1.265;1.181;1.097;1.012;0.928;0.844;0.759;0.675;0.591;0.506;0.422;0.337;0.253;0.169;0.084;0
157;0;0.265;0.53;0.795;1.06;1.325;1.59;2.429;3.268;3.208;3.148;3.931;4.753;6.129;7.526;8.945;10.385;10.254;10.123;9.991;9.86;9.326;8.791;8.256;7.721;7.186;6.963;6.74;6.517;6.294;6.072;5.614;5.156;4.699;4.241;3.784;3.301;2.825;2.356;1.894;1.439;1.462;1.485;1.508;1.531;1.555;1.578;1.601;1.624;1.647;1.67;1.587;1.503;1.42;1.336;1.253;1.169;1.086;1.002;0.919;0.835;0.752;0.668;0.585;0.501;0.418;0.334;0.251;0.167;0.084;0
158;0;0.26;0.52;0.78;1.04;1.3;1.56;2.383;3.206;3.146;3.086;3.857;4.664;6.036;7.428;8.842;10.276;10.145;10.014;9.883;9.752;9.222;8.693;8.163;7.633;7.104;6.883;6.663;6.443;6.223;6.003;5.552;5.101;4.65;4.199;3.748;3.271;2.802;2.339;1.884;1.435;1.457;1.479;1.501;1.523;1.544;1.566;1.588;1.61;1.632;1.654;1.571;1.488;1.406;1.323;1.24;1.158;1.075;0.992;0.909;0.827;0.744;0.661;0.579;0.496;0.413;0.331;0.248;0.165;0.083;0
159;0;0.255;0.51;0.765;1.02;1.275;1.53;2.338;3.145;3.085;3.025;3.782;4.576;5.942;7.33;8.738;10.167;10.036;9.905;9.774;9.643;9.119;8.594;8.07;7.546;7.021;6.804;6.586;6.369;6.152;5.934;5.49;5.045;4.601;4.156;3.712;3.242;2.779;2.323;1.874;1.432;1.452;1.473;1.493;1.514;1.534;1.555;1.575;1.596;1.616;1.637;1.555;1.473;1.391;1.309;1.228;1.146;1.064;0.982;0.9;0.818;0.737;0.655;0.573;0.491;0.409;0.327;0.246;0.164;0.082;0
160;0;0.25;0.5;0.75;1;1.25;1.5;2.292;3.084;3.024;2.964;3.708;4.488;5.849;7.231;8.635;10.059;9.928;9.797;9.666;9.535;9.016;8.496;7.977;7.458;6.939;6.724;6.51;6.295;6.08;5.866;5.428;4.99;4.551;4.113;3.675;3.212;2.756;2.307;1.864;1.428;1.447;1.466;1.486;1.505;1.524;1.543;1.562;1.582;1.601;1.62;1.539;1.458;1.377;1.296;1.215;1.134;1.053;0.972;0.891;0.81;0.729;0.648;0.567;0.486;0.405;0.324;0.243;0.162;0.081;0
161;0;0.246;0.493;0.739;0.986;1.232;1.478;2.257;3.036;2.98;2.923;3.658;4.424;5.76;7.114;8.487;9.878;9.759;9.64;9.52;9.401;8.877;8.354;7.83;7.307;6.783;6.578;6.372;6.167;5.961;5.756;5.328;4.899;4.471;4.042;3.614;3.163;2.719;2.28;1.848;1.421;1.439;1.456;1.474;1.492;1.51;1.527;1.545;1.563;1.581;1.598;1.518;1.439;1.359;1.279;1.199;1.119;1.039;0.959;0.879;0.799;0.719;0.639;0.559;0.48;0.4;0.32;0.24;0.16;0.08;0
162;0;0.243;0.486;0.728;0.971;1.214;1.457;2.222;2.988;2.935;2.882;3.607;4.36;5.67;6.997;8.34;9.699;9.591;9.484;9.376;9.268;8.74;8.212;7.684;7.156;6.628;6.432;6.236;6.039;5.843;5.647;5.228;4.809;4.391;3.972;3.553;3.115;2.682;2.254;1.831;1.414;1.43;1.446;1.463;1.479;1.495;1.512;1.528;1.544;1.56;1.577;1.498;1.419;1.34;1.261;1.183;1.104;1.025;0.946;0.867;0.788;0.71;0.631;0.552;0.473;0.394;0.315;0.237;0.158;0.079;0
163;0;0.239;0.478;0.718;0.957;1.196;1.435;2.188;2.94;2.891;2.842;3.557;4.296;5.581;6.88;8.194;9.521;9.425;9.328;9.232;9.136;8.604;8.071;7.539;7.006;6.474;6.287;6.1;5.913;5.726;5.539;5.13;4.72;4.311;3.902;3.492;3.066;2.645;2.227;1.815;1.406;1.421;1.436;1.451;1.466;1.481;1.496;1.511;1.525;1.54;1.555;1.477;1.4;1.322;1.244;1.166;1.089;1.011;0.933;0.855;0.778;0.7;0.622;0.544;0.467;0.389;0.311;0.233;0.156;0.078;0
164;0;0.236;0.471;0.707;0.942;1.178;1.414;2.153;2.892;2.846;2.801;3.506;4.232;5.492;6.764;8.048;9.344;9.259;9.174;9.089;9.005;8.468;7.931;7.394;6.858;6.321;6.143;5.965;5.787;5.609;5.431;5.031;4.632;4.232;3.832;3.432;3.018;2.608;2.201;1.798;1.399;1.413;1.426;1.44;1.453;1.466;1.48;1.493;1.507;1.52;1.534;1.457;1.38;1.304;1.227;1.15;1.074;0.997;0.92;0.843;0.767;0.69;0.613;0.537;0.46;0.383;0.307;0.23;0.153;0.077;0
165;0;0.232;0.464;0.696;0.928;1.16;1.392;2.118;2.844;2.802;2.76;3.456;4.169;5.404;6.649;7.903;9.168;9.094;9.021;8.947;8.874;8.333;7.792;7.251;6.71;6.169;6;5.831;5.662;5.493;5.324;4.934;4.543;4.153;3.763;3.372;2.97;2.571;2.175;1.782;1.392;1.404;1.416;1.428;1.44;1.452;1.464;1.476;1.488;1.5;1.512;1.436;1.361;1.285;1.21;1.134;1.058;0.983;0.907;0.832;0.756;0.68;0.605;0.529;0.454;0.378;0.302;0.227;0.151;0.076;0
166;0;0.228;0.457;0.685;0.914;1.142;1.37;2.086;2.801;2.764;2.726;3.414;4.115;5.329;6.551;7.78;9.017;8.955;8.893;8.831;8.768;8.214;7.66;7.106;6.552;5.998;5.838;5.677;5.516;5.355;5.194;4.814;4.434;4.055;3.675;3.295;2.907;2.52;2.136;1.754;1.375;1.386;1.397;1.408;1.419;1.43;1.441;1.452;1.464;1.475;1.486;1.411;1.337;1.263;1.188;1.114;1.04;0.966;0.891;0.817;0.743;0.669;0.594;0.52;0.446;0.371;0.297;0.223;0.149;0.074;0
167;0;0.225;0.45;0.674;0.899;1.124;1.349;2.053;2.758;2.725;2.693;3.372;4.061;5.254;6.453;7.657;8.868;8.817;8.766;8.715;8.664;8.097;7.53;6.963;6.396;5.829;5.676;5.523;5.37;5.217;5.064;4.695;4.326;3.957;3.588;3.219;2.844;2.47;2.098;1.727;1.358;1.368;1.379;1.389;1.399;1.409;1.419;1.429;1.439;1.449;1.459;1.386;1.313;1.24;1.167;1.094;1.021;0.948;0.876;0.803;0.73;0.657;0.584;0.511;0.438;0.365;0.292;0.219;0.146;0.073;0
168;0;0.221;0.442;0.664;0.885;1.106;1.327;2.021;2.714;2.687;2.659;3.33;4.007;5.18;6.356;7.535;8.719;8.679;8.639;8.599;8.559;7.979;7.4;6.82;6.241;5.661;5.516;5.371;5.225;5.08;4.935;4.577;4.219;3.86;3.502;3.144;2.781;2.419;2.059;1.7;1.342;1.351;1.36;1.369;1.378;1.387;1.396;1.405;1.415;1.424;1.433;1.361;1.29;1.218;1.146;1.075;1.003;0.931;0.86;0.788;0.716;0.645;0.573;0.501;0.43;0.358;0.287;0.215;0.143;0.072;0
169;0;0.218;0.435;0.653;0.87;1.088;1.306;1.988;2.671;2.648;2.626;3.288;3.954;5.105;6.259;7.414;8.571;8.542;8.513;8.484;8.455;7.863;7.271;6.678;6.086;5.494;5.357;5.219;5.082;4.944;4.807;4.459;4.112;3.764;3.416;3.069;2.719;2.369;2.021;1.672;1.325;1.333;1.341;1.349;1.357;1.366;1.374;1.382;1.39;1.398;1.406;1.336;1.266;1.195;1.125;1.055;0.984;0.914;0.844;0.774;0.703;0.633;0.563;0.492;0.422;0.352;0.281;0.211;0.141;0.07;0
170;0;0.214;0.428;0.642;0.856;1.07;1.284;1.956;2.628;2.61;2.592;3.246;3.9;5.031;6.162;7.293;8.424;8.406;8.388;8.37;8.352;7.747;7.142;6.538;5.933;5.328;5.198;5.069;4.939;4.81;4.68;4.343;4.006;3.668;3.331;2.994;2.657;2.32;1.982;1.645;1.308;1.315;1.322;1.33;1.337;1.344;1.351;1.358;1.366;1.373;1.38;1.311;1.242;1.173;1.104;1.035;0.966;0.897;0.828;0.759;0.69;0.621;0.552;0.483;0.414;0.345;0.276;0.207;0.138;0.069;0
171;0;0.212;0.423;0.635;0.846;1.058;1.27;1.934;2.599;2.585;2.572;3.217;3.863;4.983;6.103;7.223;8.344;8.325;8.307;8.289;8.27;7.673;7.075;6.477;5.879;5.281;5.152;5.022;4.892;4.763;4.633;4.3;3.967;3.634;3.301;2.968;2.634;2.301;1.968;1.635;1.302;1.308;1.315;1.321;1.328;1.334;1.341;1.347;1.354;1.36;1.367;1.298;1.23;1.162;1.093;1.025;0.957;0.888;0.82;0.752;0.683;0.615;0.547;0.478;0.41;0.342;0.273;0.205;0.137;0.068;0
172;0;0.209;0.418;0.628;0.837;1.046;1.255;1.913;2.57;2.561;2.551;3.188;3.826;4.935;6.044;7.154;8.263;8.245;8.226;8.207;8.189;7.598;7.007;6.416;5.825;5.234;5.105;4.975;4.846;4.716;4.586;4.257;3.928;3.599;3.27;2.941;2.612;2.283;1.954;1.625;1.296;1.302;1.308;1.313;1.319;1.325;1.331;1.336;1.342;1.348;1.354;1.286;1.218;1.151;1.083;1.015;0.948;0.88;0.812;0.744;0.677;0.609;0.541;0.474;0.406;0.338;0.271;0.203;0.135;0.068;0
173;0;0.207;0.414;0.62;0.827;1.034;1.241;1.891;2.542;2.536;2.531;3.16;3.788;4.887;5.986;7.084;8.183;8.164;8.145;8.126;8.107;7.523;6.939;6.355;5.772;5.188;5.058;4.928;4.799;4.669;4.54;4.215;3.89;3.565;3.24;2.915;2.59;2.265;1.94;1.615;1.29;1.295;1.3;1.305;1.31;1.315;1.32;1.325;1.33;1.335;1.34;1.273;1.206;1.139;1.072;1.005;0.938;0.871;0.804;0.737;0.67;0.603;0.536;0.469;0.402;0.335;0.268;0.201;0.134;0.067;0
174;0;0.204;0.409;0.613;0.818;1.022;1.226;1.87;2.513;2.512;2.51;3.131;3.751;4.839;5.927;7.015;8.102;8.083;8.064;8.045;8.026;7.449;6.872;6.295;5.718;5.141;5.011;4.882;4.752;4.622;4.493;4.172;3.851;3.53;3.209;2.888;2.568;2.247;1.926;1.605;1.284;1.288;1.293;1.297;1.301;1.306;1.31;1.314;1.319;1.323;1.327;1.261;1.194;1.128;1.062;0.995;0.929;0.863;0.796;0.73;0.664;0.597;0.531;0.465;0.398;0.332;0.265;0.199;0.133;0.066;0
175;0;0.202;0.404;0.606;0.808;1.01;1.212;1.848;2.484;2.487;2.49;3.102;3.714;4.791;5.868;6.945;8.022;8.002;7.983;7.964;7.944;7.374;6.804;6.234;5.664;5.094;4.964;4.835;4.705;4.576;4.446;4.129;3.812;3.496;3.179;2.862;2.545;2.228;1.912;1.595;1.278;1.282;1.285;1.289;1.292;1.296;1.3;1.303;1.307;1.31;1.314;1.248;1.183;1.117;1.051;0.985;0.92;0.854;0.788;0.723;0.657;0.591;0.526;0.46;0.394;0.329;0.263;0.197;0.131;0.066;0
176;0;0.2;0.399;0.599;0.798;0.998;1.198;1.826;2.455;2.462;2.47;3.073;3.677;4.743;5.809;6.875;7.942;7.922;7.902;7.882;7.862;7.299;6.736;6.173;5.61;5.047;4.918;4.788;4.658;4.529;4.399;4.086;3.774;3.461;3.148;2.836;2.523;2.21;1.897;1.585;1.272;1.275;1.278;1.281;1.284;1.286;1.289;1.292;1.295;1.298;1.301;1.236;1.171;1.106;1.041;0.976;0.911;0.846;0.78;0.715;0.65;0.585;0.52;0.455;0.39;0.325;0.26;0.195;0.13;0.065;0
177;0;0.197;0.394;0.592;0.789;0.986;1.183;1.805;2.426;2.438;2.449;3.044;3.64;4.695;5.75;6.806;7.861;7.841;7.821;7.801;7.781;7.225;6.669;6.113;5.556;5;4.871;4.741;4.612;4.482;4.352;4.044;3.735;3.426;3.118;2.809;2.501;2.192;1.883;1.575;1.266;1.268;1.27;1.272;1.275;1.277;1.279;1.281;1.283;1.285;1.288;1.223;1.159;1.094;1.03;0.966;0.901;0.837;0.773;0.708;0.644;0.579;0.515;0.451;0.386;0.322;0.258;0.193;0.129;0.064;0
178;0;0.195;0.39;0.584;0.779;0.974;1.169;1.783;2.398;2.413;2.429;3.016;3.602;4.647;5.692;6.736;7.781;7.76;7.74;7.72;7.699;7.15;6.601;6.052;5.503;4.954;4.824;4.694;4.565;4.435;4.306;4.001;3.696;3.392;3.087;2.783;2.478;2.174;1.869;1.565;1.26;1.261;1.263;1.264;1.266;1.267;1.269;1.27;1.272;1.273;1.274;1.211;1.147;1.083;1.02;0.956;0.892;0.828;0.765;0.701;0.637;0.573;0.51;0.446;0.382;0.319;0.255;0.191;0.127;0.064;0
179;0;0.192;0.385;0.577;0.77;0.962;1.154;1.762;2.369;2.389;2.408;2.987;3.565;4.599;5.633;6.667;7.7;7.68;7.659;7.638;7.618;7.075;6.533;5.991;5.449;4.907;4.777;4.648;4.518;4.388;4.259;3.958;3.658;3.357;3.057;2.756;2.456;2.155;1.855;1.554;1.254;1.255;1.255;1.256;1.257;1.258;1.258;1.259;1.26;1.26;1.261;1.198;1.135;1.072;1.009;0.946;0.883;0.82;0.757;0.694;0.631;0.568;0.504;0.441;0.378;0.315;0.252;0.189;0.126;0.063;0
180;0;0.19;0.38;0.57;0.76;0.95;1.14;1.74;2.34;2.364;2.388;2.958;3.528;4.551;5.574;6.597;7.62;7.599;7.578;7.557;7.536;7.001;6.466;5.93;5.395;4.86;4.73;4.601;4.471;4.342;4.212;3.916;3.619;3.323;3.026;2.73;2.434;2.137;1.841;1.544;1.248;1.248;1.248;1.248;1.248;1.248;1.248;1.248;1.248;1.248;1.248;1.186;1.123;1.061;0.998;0.936;0.874;0.811;0.749;0.686;0.624;0.562;0.499;0.437;0.374;0.312;0.25;0.187;0.125;0.062;0
